optimizer,epoch,loss,accuracy
SGD,0,0.9416519630395858,0.25
SGD,1,0.9007026972596616,0.25
SGD,2,0.8649216645866695,0.25
SGD,3,0.8343315531580204,0.25
SGD,4,0.8085388668293272,0.25
SGD,5,0.7869221363440637,0.25
SGD,6,0.7688091790943773,0.25
SGD,7,0.7535807789361971,0.25
SGD,8,0.7407095394357976,0.5
SGD,9,0.7297625624223729,0.5
SGD,10,0.720389683354949,0.5
SGD,11,0.71230850560198,0.5
SGD,12,0.7052907007906463,0.5
SGD,13,0.6991507842587718,0.5
SGD,14,0.6937373040163014,0.5
SGD,15,0.6889260122115666,0.5
SGD,16,0.6846145639004024,0.5
SGD,17,0.6807183674358087,0.5
SGD,18,0.6771673027235818,0.5
SGD,19,0.673903099968834,0.5
SGD,20,0.6708772281860509,0.5
SGD,21,0.6680491828591926,0.5
SGD,22,0.6653850901630636,0.5
SGD,23,0.662856564854863,0.5
SGD,24,0.6604397730416741,0.5
SGD,25,0.6581146613645973,0.5
SGD,26,0.6558643219118596,0.5
SGD,27,0.653674468153824,0.5
SGD,28,0.6515330018830812,0.5
SGD,29,0.6494296548740527,0.5
SGD,30,0.6473556919749304,0.5
SGD,31,0.6453036647705475,0.5
SGD,32,0.6432672069256584,0.75
SGD,33,0.6412408639235962,0.75
SGD,34,0.639219951225074,0.75
SGD,35,0.6372004359414627,0.75
SGD,36,0.6351788379907002,0.75
SGD,37,0.6331521474182595,0.75
SGD,38,0.6311177551496604,0.75
SGD,39,0.629073394918883,0.75
SGD,40,0.6270170945083117,0.75
SGD,41,0.6249471347564768,0.75
SGD,42,0.622862015052982,0.75
SGD,43,0.6207604242562023,0.75
SGD,44,0.6186412161473602,0.75
SGD,45,0.6165033886814699,0.75
SGD,46,0.6143460664171737,0.75
SGD,47,0.6121684856083391,0.75
SGD,48,0.6099699815242685,0.75
SGD,49,0.6077499776355283,0.75
SGD,50,0.6055079763612867,0.75
SGD,51,0.6032435511235807,0.75
SGD,52,0.6009563394958112,0.75
SGD,53,0.598646037268221,0.75
SGD,54,0.5963123932832219,0.75
SGD,55,0.5939552049190159,0.75
SGD,56,0.5915743141216724,0.75
SGD,57,0.5891696039042309,0.75
SGD,58,0.586740995246903,0.75
SGD,59,0.5842884443454366,0.75
SGD,60,0.5818119401654707,0.75
SGD,61,0.5793115022695046,0.75
SGD,62,0.5767871788901615,0.75
SGD,63,0.5742390452289589,0.75
SGD,64,0.571667201963979,0.75
SGD,65,0.569071773952863,0.75
SGD,66,0.566452909119576,0.75
SGD,67,0.5638107775146043,0.75
SGD,68,0.561145570538764,0.75
SGD,69,0.5584575003208068,0.75
SGD,70,0.5557467992386173,0.75
SGD,71,0.553013719573128,0.75
SGD,72,0.550258533283277,0.75
SGD,73,0.547481531889445,0.75
SGD,74,0.544683026451976,0.75
SGD,75,0.5418633476306272,0.75
SGD,76,0.5390228458101947,0.75
SGD,77,0.5361618912771448,0.75
SGD,78,0.5332808744318787,0.75
SGD,79,0.5303802060212841,0.75
SGD,80,0.5274603173764699,0.75
SGD,81,0.5245216606410609,0.75
SGD,82,0.521564708976092,0.75
SGD,83,0.5185899567284113,0.75
SGD,84,0.5155979195505128,1.0
SGD,85,0.5125891344608684,1.0
SGD,86,0.5095641598350911,1.0
SGD,87,0.5065235753195786,1.0
SGD,88,0.5034679816606722,1.0
SGD,89,0.5003980004437566,1.0
SGD,90,0.49731427373813025,1.0
SGD,91,0.4942174636448428,1.0
SGD,92,0.4911082517460354,1.0
SGD,93,0.4879873384555978,1.0
SGD,94,0.48485544227216515,1.0
SGD,95,0.48171329893661036,1.0
SGD,96,0.47856166049724164,1.0
SGD,97,0.4754012942868618,1.0
SGD,98,0.472232981816719,1.0
SGD,99,0.4690575175931381,1.0
SGD,100,0.46587570786329374,1.0
SGD,101,0.4626883692971543,1.0
SGD,102,0.4594963276131043,1.0
SGD,103,0.4563004161551302,1.0
SGD,104,0.45310147442973825,1.0
SGD,105,0.449900346610978,1.0
SGD,106,0.4466978800220467,1.0
SGD,107,0.44349492360197906,1.0
SGD,108,0.44029232636587534,1.0
SGD,109,0.4370909358669917,1.0
SGD,110,0.43389159666881455,1.0
SGD,111,0.4306951488349805,1.0
SGD,112,0.4275024264445776,1.0
SGD,113,0.4243142561399843,1.0
SGD,114,0.42113145571397465,1.0
SGD,115,0.4179548327423533,1.0
SGD,116,0.4147851832678743,1.0
SGD,117,0.4116232905406681,1.0
SGD,118,0.4084699238198457,1.0
SGD,119,0.4053258372403781,1.0
SGD,120,0.4021917687487665,1.0
SGD,121,0.3990684391104441,1.0
SGD,122,0.3959565509912633,1.0
SGD,123,0.3928567881148592,1.0
SGD,124,0.38976981449712084,1.0
SGD,125,0.38669627375846916,1.0
SGD,126,0.38363678851412597,1.0
SGD,127,0.38059195984207345,1.0
SGD,128,0.3775623668279477,1.0
SGD,129,0.3745485661856887,1.0
SGD,130,0.37155109195237995,1.0
SGD,131,0.3685704552553585,1.0
SGD,132,0.3656071441493625,1.0
SGD,133,0.36266162352120235,1.0
SGD,134,0.3597343350592051,1.0
SGD,135,0.3568256972844705,1.0
SGD,136,0.35393610564081557,1.0
SGD,137,0.35106593264014335,1.0
SGD,138,0.3482155280598703,1.0
SGD,139,0.34538521918898385,1.0
SGD,140,0.34257531111924333,1.0
SGD,141,0.33978608707804153,1.0
SGD,142,0.3370178087994377,1.0
SGD,143,0.33427071692991617,1.0
SGD,144,0.33154503146547143,1.0
SGD,145,0.32884095221669457,1.0
SGD,146,0.3261586592986224,1.0
SGD,147,0.32349831364220877,1.0
SGD,148,0.3208600575243963,1.0
SGD,149,0.3182440151138815,1.0
SGD,150,0.3156502930298023,1.0
SGD,151,0.3130789809107123,1.0
SGD,152,0.3105301519913458,1.0
SGD,153,0.30800386368482435,1.0
SGD,154,0.30550015816809883,1.0
SGD,155,0.30301906296857345,1.0
SGD,156,0.30056059154999576,1.0
SGD,157,0.2981247438958505,1.0
SGD,158,0.2957115070886308,1.0
SGD,159,0.293320855883503,1.0
SGD,160,0.29095275327501413,1.0
SGD,161,0.28860715105562557,1.0
SGD,162,0.28628399036497804,1.0
SGD,163,0.28398320222891676,1.0
SGD,164,0.2817047080874234,1.0
SGD,165,0.27944842031070327,1.0
SGD,166,0.27721424270279094,1.0
SGD,167,0.2750020709921267,1.0
SGD,168,0.27281179330865196,1.0
SGD,169,0.27064329064705883,1.0
SGD,170,0.26849643731590794,1.0
SGD,171,0.26637110137240205,1.0
SGD,172,0.26426714504267546,1.0
SGD,173,0.26218442512751877,1.0
SGD,174,0.2601227933935185,1.0
SGD,175,0.25808209694964457,1.0
SGD,176,0.25606217860936614,1.0
SGD,177,0.2540628772384171,1.0
SGD,178,0.25208402808837693,1.0
SGD,179,0.2501254631162616,1.0
SGD,180,0.24818701129035398,1.0
SGD,181,0.24626849888252533,1.0
SGD,182,0.24436974974733083,1.0
SGD,183,0.24249058558817044,1.0
SGD,184,0.24063082621083598,1.0
SGD,185,0.23879028976476846,1.0
SGD,186,0.2369687929723689,1.0
SGD,187,0.2351661513467096,1.0
SGD,188,0.23338217939800388,1.0
SGD,189,0.23161669082919273,1.0
SGD,190,0.22986949872101264,1.0
SGD,191,0.22814041570691063,1.0
SGD,192,0.22642925413816775,1.0
SGD,193,0.22473582623959548,1.0
SGD,194,0.22305994425616532,1.0
SGD,195,0.22140142059092427,1.0
SGD,196,0.2197600679345491,1.0
SGD,197,0.21813569938688426,1.0
SGD,198,0.21652812857079967,1.0
SGD,199,0.2149371697387008,1.0
SGD,200,0.21336263787201548,1.0
SGD,201,0.21180434877397014,1.0
SGD,202,0.21026211915596502,1.0
SGD,203,0.20873576671784505,1.0
SGD,204,0.20722511022235507,1.0
SGD,205,0.20572996956406242,1.0
SGD,206,0.20425016583301367,1.0
SGD,207,0.20278552137339087,1.0
SGD,208,0.20133585983741797,1.0
SGD,209,0.1999010062347604,1.0
SGD,210,0.19848078697765328,1.0
SGD,211,0.197075029921982,1.0
SGD,212,0.19568356440453205,1.0
SGD,213,0.194306221276615,1.0
SGD,214,0.19294283293426978,1.0
SGD,215,0.19159323334522907,1.0
SGD,216,0.19025725807283367,1.0
SGD,217,0.18893474429706741,1.0
SGD,218,0.18762553083288072,1.0
SGD,219,0.18632945814596047,1.0
SGD,220,0.18504636836609714,1.0
SGD,221,0.1837761052982943,1.0
SGD,222,0.18251851443175773,1.0
SGD,223,0.18127344294689451,1.0
SGD,224,0.18004073972044563,1.0
SGD,225,0.17882025532887322,1.0
SGD,226,0.17761184205011082,1.0
SGD,227,0.17641535386378618,1.0
SGD,228,0.17523064645001657,1.0
SGD,229,0.17405757718687262,1.0
SGD,230,0.1728960051466018,1.0
SGD,231,0.1717457910906971,1.0
SGD,232,0.170606797463893,1.0
SGD,233,0.1694788883871664,1.0
SGD,234,0.1683619296498135,1.0
SGD,235,0.16725578870067376,1.0
SGD,236,0.16616033463856505,1.0
SGD,237,0.16507543820199128,1.0
SGD,238,0.16400097175818162,1.0
SGD,239,0.16293680929151483,1.0
SGD,240,0.1618828263913813,1.0
SGD,241,0.1608389002395316,1.0
SGD,242,0.15980490959695584,1.0
SGD,243,0.1587807347903397,1.0
SGD,244,0.1577662576981353,1.0
SGD,245,0.1567613617362861,1.0
SGD,246,0.15576593184364254,1.0
SGD,247,0.15477985446710066,1.0
SGD,248,0.15380301754649658,1.0
SGD,249,0.15283531049928678,1.0
Momentum,0,0.9416519630395858,0.5
Momentum,1,0.9208417481955775,0.25
Momentum,2,0.8837561423891829,0.25
Momentum,3,0.8370732879114815,0.25
Momentum,4,0.7888123936148287,0.25
Momentum,5,0.7461759236106467,0.5
Momentum,6,0.7135492947900524,0.5
Momentum,7,0.6921493164218508,0.5
Momentum,8,0.6807516712641546,0.5
Momentum,9,0.6767044328212409,0.5
Momentum,10,0.6770269278890229,0.5
Momentum,11,0.6792551496945262,0.5
Momentum,12,0.6817574060309675,0.5
Momentum,13,0.6836401050471936,0.5
Momentum,14,0.6845148092219838,0.5
Momentum,15,0.6842900926615954,0.5
Momentum,16,0.6830290524015847,0.5
Momentum,17,0.68086068645123,0.75
Momentum,18,0.6779257048405667,0.75
Momentum,19,0.6743435502668913,0.75
Momentum,20,0.6701939728189185,0.75
Momentum,21,0.6655103501852259,0.75
Momentum,22,0.6602834304233218,0.75
Momentum,23,0.6544742339145884,0.75
Momentum,24,0.6480341848328486,0.75
Momentum,25,0.640929487946237,0.75
Momentum,26,0.6331654337455266,0.75
Momentum,27,0.6248049207890266,0.75
Momentum,28,0.6159747529534355,0.75
Momentum,29,0.6068544674462906,1.0
Momentum,30,0.5976465598097656,1.0
Momentum,31,0.5885332940808208,1.0
Momentum,32,0.5796310090084815,1.0
Momentum,33,0.5709548188705256,1.0
Momentum,34,0.5624039696928808,1.0
Momentum,35,0.5537726268385248,1.0
Momentum,36,0.5447849281779366,1.0
Momentum,37,0.5351479373758161,1.0
Momentum,38,0.5246119114011697,1.0
Momentum,39,0.5130245266018773,1.0
Momentum,40,0.5003655593178687,1.0
Momentum,41,0.4867522104365764,1.0
Momentum,42,0.47241285689864476,1.0
Momentum,43,0.4576364445406653,1.0
Momentum,44,0.44271219282835345,1.0
Momentum,45,0.4278763588446354,1.0
Momentum,46,0.4132789122730317,1.0
Momentum,47,0.3989755687901138,1.0
Momentum,48,0.384943141974708,1.0
Momentum,49,0.371110833981199,1.0
Momentum,50,0.3573974780021698,1.0
Momentum,51,0.3437446595562172,1.0
Momentum,52,0.33013782600382957,1.0
Momentum,53,0.3166115840958118,1.0
Momentum,54,0.3032403954140481,1.0
Momentum,55,0.2901201003107177,1.0
Momentum,56,0.2773474896436033,1.0
Momentum,57,0.26500402535516754,1.0
Momentum,58,0.25314681534934597,1.0
Momentum,59,0.24180681058715564,1.0
Momentum,60,0.23099219545290783,1.0
Momentum,61,0.22069437741751685,1.0
Momentum,62,0.2108944111690673,1.0
Momentum,63,0.20156850217892086,1.0
Momentum,64,0.1926919962720743,1.0
Momentum,65,0.18424179889286962,1.0
Momentum,66,0.17619747015396736,1.0
Momentum,67,0.16854136496752742,1.0
Momentum,68,0.16125819475135988,1.0
Momentum,69,0.15433432921025178,1.0
Momentum,70,0.1477570702948641,1.0
Momentum,71,0.1415140409645647,1.0
Momentum,72,0.13559275466778062,1.0
Momentum,73,0.12998037518199426,1.0
Momentum,74,0.12466364177728942,1.0
Momentum,75,0.11962891841352329,1.0
Momentum,76,0.11486232268681462,1.0
Momentum,77,0.1103498952119831,1.0
Momentum,78,0.10607777874984713,1.0
Momentum,79,0.10203238571778352,1.0
Momentum,80,0.09820054108793286,1.0
Momentum,81,0.09456959436113394,1.0
Momentum,82,0.09112749918488869,1.0
Momentum,83,0.08786286244940754,1.0
Momentum,84,0.0847649666544678,1.0
Momentum,85,0.08182377030970422,1.0
Momentum,86,0.07902989139268905,1.0
Momentum,87,0.07637457867152977,1.0
Momentum,88,0.07384967518074532,1.0
Momentum,89,0.0714475774576201,1.0
Momentum,90,0.06916119340334564,1.0
Momentum,91,0.06698390090307654,1.0
Momentum,92,0.06490950867212082,1.0
Momentum,93,0.062932220222878,1.0
Momentum,94,0.061046601383718764,1.0
Momentum,95,0.059247551449028546,1.0
Momentum,96,0.05753027779201116,1.0
Momentum,97,0.055890273615391936,1.0
Momentum,98,0.05432329843337537,1.0
Momentum,99,0.05282536085370283,1.0
Momentum,100,0.05139270324478509,1.0
Momentum,101,0.05002178791504461,1.0
Momentum,102,0.04870928448772889,1.0
Momentum,103,0.04745205821532748,1.0
Momentum,104,0.04624715903676241,1.0
Momentum,105,0.04509181123352962,1.0
Momentum,106,0.0439834035856597,1.0
Momentum,107,0.042919479963933936,1.0
Momentum,108,0.04189773032147389,1.0
Momentum,109,0.040915982066507386,1.0
Momentum,110,0.039972191810062827,1.0
Momentum,111,0.03906443748893694,1.0
Momentum,112,0.038190910866863215,1.0
Momentum,113,0.037349910416604154,1.0
Momentum,114,0.03653983458370914,1.0
Momentum,115,0.03575917542975106,1.0
Momentum,116,0.035006512649574696,1.0
Momentum,117,0.034280507953902424,1.0
Momentum,118,0.03357989980580489,1.0
Momentum,119,0.032903498497226194,1.0
Momentum,120,0.0322501815499955,1.0
Momentum,121,0.03161888942457049,1.0
Momentum,122,0.031008621519089712,1.0
Momentum,123,0.030418432441082922,1.0
Momentum,124,0.029847428534339547,1.0
Momentum,125,0.029294764643861004,1.0
Momentum,126,0.028759641102466295,1.0
Momentum,127,0.02824130092340721,1.0
Momentum,128,0.027739027184222192,1.0
Momentum,129,0.027252140587981446,1.0
Momentum,130,0.02677999718900478,1.0
Momentum,131,0.026321986271049404,1.0
Momentum,132,0.025877528366850457,1.0
Momentum,133,0.025446073408736614,1.0
Momentum,134,0.025027099000831117,1.0
Momentum,135,0.024620108804087458,1.0
Momentum,136,0.0242246310260899,1.0
Momentum,137,0.02384021700817712,1.0
Momentum,138,0.02346643990302755,1.0
Momentum,139,0.023102893436376126,1.0
Momentum,140,0.02274919074701841,1.0
Momentum,141,0.022404963299704,1.0
Momentum,142,0.022069859865932236,1.0
Momentum,143,0.0217435455680354,1.0
Momentum,144,0.021425700982279604,1.0
Momentum,145,0.02111602129702818,1.0
Momentum,146,0.020814215522301824,1.0
Momentum,147,0.020520005747334057,1.0
Momentum,148,0.020233126442968107,1.0
Momentum,149,0.01995332380595945,1.0
Momentum,150,0.019680355142462747,1.0
Momentum,151,0.01941398828816565,1.0
Momentum,152,0.019154001062711604,1.0
Momentum,153,0.018900180756213122,1.0
Momentum,154,0.018652323645809613,1.0
Momentum,155,0.018410234540359623,1.0
Momentum,156,0.018173726351487927,1.0
Momentum,157,0.01794261968932396,1.0
Momentum,158,0.0177167424813828,1.0
Momentum,159,0.017495929613137208,1.0
Momentum,160,0.01728002258892955,1.0
Momentum,161,0.01706886921195678,1.0
Momentum,162,0.016862323282148393,1.0
Momentum,163,0.01666024431082991,1.0
Momentum,164,0.016462497251141572,1.0
Momentum,165,0.01626895224324323,1.0
Momentum,166,0.01607948437340442,1.0
Momentum,167,0.015893973446133434,1.0
Momentum,168,0.01571230376855497,1.0
Momentum,169,0.01553436394629844,1.0
Momentum,170,0.015360046690204264,1.0
Momentum,171,0.015189248633201802,1.0
Momentum,172,0.015021870156754689,1.0
Momentum,173,0.014857815226305283,1.0
Momentum,174,0.014696991235191288,1.0
Momentum,175,0.014539308856536193,1.0
Momentum,176,0.014384681902651408,1.0
Momentum,177,0.014233027191514161,1.0
Momentum,178,0.014084264419915418,1.0
Momentum,179,0.013938316042897247,1.0
Momentum,180,0.013795107159120428,1.0
Momentum,181,0.013654565401831768,1.0
Momentum,182,0.013516620835113171,1.0
Momentum,183,0.013381205855123635,1.0
Momentum,184,0.013248255096053329,1.0
Momentum,185,0.013117705340535867,1.0
Momentum,186,0.01298949543427294,1.0
Momentum,187,0.012863566204645092,1.0
Momentum,188,0.012739860383094171,1.0
Momentum,189,0.012618322531075973,1.0
Momentum,190,0.012498898969395537,1.0
Momentum,191,0.012381537710745748,1.0
Momentum,192,0.012266188395282077,1.0
Momentum,193,0.0121528022290785,1.0
Momentum,194,0.01204133192531333,1.0
Momentum,195,0.011931731648047162,1.0
Momentum,196,0.011823956958461949,1.0
Momentum,197,0.011717964763435219,1.0
Momentum,198,0.011613713266335526,1.0
Momentum,199,0.011511161919925426,1.0
Momentum,200,0.011410271381271535,1.0
Momentum,201,0.011311003468560003,1.0
Momentum,202,0.011213321119727603,1.0
Momentum,203,0.0111171883528188,1.0
Momentum,204,0.011022570227986058,1.0
Momentum,205,0.010929432811056766,1.0
Momentum,206,0.010837743138589847,1.0
Momentum,207,0.01074746918435508,1.0
Momentum,208,0.01065857982716498,1.0
Momentum,209,0.01057104482000033,1.0
Momentum,210,0.010484834760366844,1.0
Momentum,211,0.010399921061827504,1.0
Momentum,212,0.010316275926657601,1.0
Momentum,213,0.010233872319570035,1.0
Momentum,214,0.010152683942464973,1.0
Momentum,215,0.010072685210155943,1.0
Momentum,216,0.009993851227030691,1.0
Momentum,217,0.009916157764604628,1.0
Momentum,218,0.009839581239927384,1.0
Momentum,219,0.009764098694806728,1.0
Momentum,220,0.009689687775812885,1.0
Momentum,221,0.009616326715030592,1.0
Momentum,222,0.009543994311526277,1.0
Momentum,223,0.009472669913500563,1.0
Momentum,224,0.00940233340109647,1.0
Momentum,225,0.009332965169836291,1.0
Momentum,226,0.009264546114660311,1.0
Momentum,227,0.00919705761454254,1.0
Momentum,228,0.009130481517660233,1.0
Momentum,229,0.009064800127093308,1.0
Momentum,230,0.008999996187032322,1.0
Momentum,231,0.008936052869475452,1.0
Momentum,232,0.008872953761393,1.0
Momentum,233,0.00881068285234157,1.0
Momentum,234,0.00874922452251039,1.0
Momentum,235,0.008688563531180802,1.0
Momentum,236,0.00862868500558471,1.0
Momentum,237,0.008569574430145279,1.0
Momentum,238,0.008511217636084076,1.0
Momentum,239,0.008453600791382302,1.0
Momentum,240,0.008396710391080309,1.0
Momentum,241,0.008340533247904597,1.0
Momentum,242,0.008285056483207003,1.0
Momentum,243,0.008230267518207069,1.0
Momentum,244,0.008176154065523404,1.0
Momentum,245,0.008122704120985529,1.0
Momentum,246,0.00806990595571354,1.0
Momentum,247,0.008017748108457278,1.0
Momentum,248,0.007966219378183587,1.0
Momentum,249,0.007915308816904616,1.0
RMSProp,0,0.9416519630395858,0.25
RMSProp,1,0.8003112180541461,0.25
RMSProp,2,0.7461783453128119,0.5
RMSProp,3,0.7176112438032529,0.5
RMSProp,4,0.6983064560943986,0.5
RMSProp,5,0.6832207194309833,0.5
RMSProp,6,0.6701743571684178,0.5
RMSProp,7,0.658007843874706,0.5
RMSProp,8,0.6460714330074147,0.75
RMSProp,9,0.6340103546026479,0.75
RMSProp,10,0.6216439698222103,0.75
RMSProp,11,0.6088851437900399,0.75
RMSProp,12,0.5956843915691077,0.75
RMSProp,13,0.5820021785698012,0.75
RMSProp,14,0.5678128315286192,0.75
RMSProp,15,0.5531219162291424,0.75
RMSProp,16,0.5379711399539711,0.75
RMSProp,17,0.5224306691420335,1.0
RMSProp,18,0.5065885222965323,1.0
RMSProp,19,0.49054145515033676,1.0
RMSProp,20,0.47438899916126637,1.0
RMSProp,21,0.45823006363754093,1.0
RMSProp,22,0.4421609800663031,1.0
RMSProp,23,0.42627387354475776,1.0
RMSProp,24,0.410655058970475,1.0
RMSProp,25,0.39538303325238244,1.0
RMSProp,26,0.3805265960388213,1.0
RMSProp,27,0.36614300483040824,1.0
RMSProp,28,0.3522770969290836,1.0
RMSProp,29,0.3389607892436148,1.0
RMSProp,30,0.3262139100177113,1.0
RMSProp,31,0.3140449075835781,1.0
RMSProp,32,0.30245292316596184,1.0
RMSProp,33,0.29142875632220744,1.0
RMSProp,34,0.2809575862385446,1.0
RMSProp,35,0.27101926011179817,1.0
RMSProp,36,0.2615915677208616,1.0
RMSProp,37,0.25264907111867496,1.0
RMSProp,38,0.24416750852108318,1.0
RMSProp,39,0.23612028388602546,1.0
RMSProp,40,0.22848529607454032,1.0
RMSProp,41,0.22123715924171994,1.0
RMSProp,42,0.21435697257151198,1.0
RMSProp,43,0.2078171251853643,1.0
RMSProp,44,0.20159125042000414,1.0
RMSProp,45,0.19565267193571517,1.0
RMSProp,46,0.18997082521573197,1.0
RMSProp,47,0.1845431605515844,1.0
RMSProp,48,0.1793480493615396,1.0
RMSProp,49,0.1743849911419801,1.0
RMSProp,50,0.1696352409507833,1.0
RMSProp,51,0.16508816240882537,1.0
RMSProp,52,0.16072909292572954,1.0
RMSProp,53,0.15654582162154326,1.0
RMSProp,54,0.15252727590412452,1.0
RMSProp,55,0.1486631054279901,1.0
RMSProp,56,0.14494438417046088,1.0
RMSProp,57,0.1413626145605921,1.0
RMSProp,58,0.1379102733088617,1.0
RMSProp,59,0.13458025323476944,1.0
RMSProp,60,0.1313661014298939,1.0
RMSProp,61,0.12826176786054377,1.0
RMSProp,62,0.12526167830965532,1.0
RMSProp,63,0.12236062314238279,1.0
RMSProp,64,0.11955376366639747,1.0
RMSProp,65,0.1168365773686533,1.0
RMSProp,66,0.11420484288498807,1.0
RMSProp,67,0.11165460779221663,1.0
RMSProp,68,0.10918216957786425,1.0
RMSProp,69,0.10678405344779522,1.0
RMSProp,70,0.10445699493242425,1.0
RMSProp,71,0.10219792312098078,1.0
RMSProp,72,0.1000039461367213,1.0
RMSProp,73,0.09787233790279817,1.0
RMSProp,74,0.09580052628412172,1.0
RMSProp,75,0.0937860823777347,1.0
RMSProp,76,0.09182671078171567,1.0
RMSProp,77,0.08992024074736506,1.0
RMSProp,78,0.08806461806320658,1.0
RMSProp,79,0.0862578976014854,1.0
RMSProp,80,0.08449823642638879,1.0
RMSProp,81,0.08278388741003574,1.0
RMSProp,82,0.08111319329348894,1.0
RMSProp,83,0.07948458115321291,1.0
RMSProp,84,0.07789655723358065,1.0
RMSProp,85,0.07634770211707828,1.0
RMSProp,86,0.07483666620596742,1.0
RMSProp,87,0.07336216549438701,1.0
RMSProp,88,0.07192297761166247,1.0
RMSProp,89,0.0705179381200712,1.0
RMSProp,90,0.06914593705147534,1.0
RMSProp,91,0.06780591566847316,1.0
RMSProp,92,0.06649686343647875,1.0
RMSProp,93,0.06521781519387042,1.0
RMSProp,94,0.06396784850793008,1.0
RMSProp,95,0.06274608120485897,1.0
RMSProp,96,0.061551669062688004,1.0
RMSProp,97,0.0603838036564316,1.0
RMSProp,98,0.05924171034536764,1.0
RMSProp,99,0.05812464639285672,1.0
RMSProp,100,0.057031899209651446,1.0
RMSProp,101,0.05596278471217479,1.0
RMSProp,102,0.0549166457877675,1.0
RMSProp,103,0.05389285085941832,1.0
RMSProp,104,0.05289079254297701,1.0
RMSProp,105,0.051909886390330756,1.0
RMSProp,106,0.05094956971247145,1.0
RMSProp,107,0.050009300476812735,1.0
RMSProp,108,0.04908855627351861,1.0
RMSProp,109,0.04818683334598581,1.0
RMSProp,110,0.047303645680978834,1.0
RMSProp,111,0.04643852415424556,1.0
RMSProp,112,0.04559101572775271,1.0
RMSProp,113,0.044760682694965616,1.0
RMSProp,114,0.043947101970863205,1.0
RMSProp,115,0.0431498644236235,1.0
RMSProp,116,0.042368574245145375,1.0
RMSProp,117,0.04160284835777833,1.0
RMSProp,118,0.040852315854830366,1.0
RMSProp,119,0.04011661747259976,1.0
RMSProp,120,0.039395405091843715,1.0
RMSProp,121,0.03868834126674921,1.0
RMSProp,122,0.03799509877961102,1.0
RMSProp,123,0.03731536021955306,1.0
RMSProp,124,0.036648817583748695,1.0
RMSProp,125,0.03599517189970488,1.0
RMSProp,126,0.03535413286728028,1.0
RMSProp,127,0.03472541851919836,1.0
RMSProp,128,0.03410875489890551,1.0
RMSProp,129,0.033503875754705495,1.0
RMSProp,130,0.03291052224917322,1.0
RMSProp,131,0.03232844268292284,1.0
RMSProp,132,0.03175739223186693,1.0
RMSProp,133,0.031197132697162257,1.0
RMSProp,134,0.030647432267094453,1.0
RMSProp,135,0.030108065290201613,1.0
RMSProp,136,0.029578812058984903,1.0
RMSProp,137,0.02905945860359886,1.0
RMSProp,138,0.028549796494951596,1.0
RMSProp,139,0.02804962265668571,1.0
RMSProp,140,0.0275587391855414,1.0
RMSProp,141,0.027076953179639877,1.0
RMSProp,142,0.026604076574251356,1.0
RMSProp,143,0.02613992598464106,1.0
RMSProp,144,0.025684322555613377,1.0
RMSProp,145,0.025237091817396414,1.0
RMSProp,146,0.02479806354753283,1.0
RMSProp,147,0.024367071638462173,1.0
RMSProp,148,0.023943953970502717,1.0
RMSProp,149,0.0235285522899526,1.0
RMSProp,150,0.023120712092053908,1.0
RMSProp,151,0.022720282508573286,1.0
RMSProp,152,0.022327116199770247,1.0
RMSProp,153,0.021941069250537407,1.0
RMSProp,154,0.021562001070508943,1.0
RMSProp,155,0.021189774297945458,1.0
RMSProp,156,0.02082425470721542,1.0
RMSProp,157,0.02046531111970245,1.0
RMSProp,158,0.02011281531797874,1.0
RMSProp,159,0.019766641963091677,1.0
RMSProp,160,0.01942666851482288,1.0
RMSProp,161,0.019092775154781964,1.0
RMSProp,162,0.018764844712209846,1.0
RMSProp,163,0.018442762592369027,1.0
RMSProp,164,0.018126416707407045,1.0
RMSProp,165,0.017815697409586245,1.0
RMSProp,166,0.01751049742677555,1.0
RMSProp,167,0.017210711800107983,1.0
RMSProp,168,0.01691623782371317,1.0
RMSProp,169,0.016626974986435564,1.0
RMSProp,170,0.016342824915456675,1.0
RMSProp,171,0.016063691321743536,1.0
RMSProp,172,0.015789479947246852,1.0
RMSProp,173,0.0155200985137798,1.0
RMSProp,174,0.015255456673509507,1.0
RMSProp,175,0.014995465960995708,1.0
RMSProp,176,0.01474003974671862,1.0
RMSProp,177,0.014489093192034749,1.0
RMSProp,178,0.01424254320550761,1.0
RMSProp,179,0.014000308400559675,1.0
RMSProp,180,0.013762309054395893,1.0
RMSProp,181,0.013528467068149764,1.0
RMSProp,182,0.013298705928208168,1.0
RMSProp,183,0.013072950668670114,1.0
RMSProp,184,0.01285112783489731,1.0
RMSProp,185,0.012633165448119096,1.0
RMSProp,186,0.012418992971050504,1.0
RMSProp,187,0.012208541274490172,1.0
RMSProp,188,0.01200174260486178,1.0
RMSProp,189,0.011798530552666097,1.0
RMSProp,190,0.011598840021811926,1.0
RMSProp,191,0.01140260719979605,1.0
RMSProp,192,0.0112097695287014,1.0
RMSProp,193,0.011020265676988909,1.0
RMSProp,194,0.01083403551205118,1.0
RMSProp,195,0.010651020073508086,1.0
RMSProp,196,0.010471161547214915,1.0
RMSProp,197,0.010294403239962694,1.0
RMSProp,198,0.010120689554846386,1.0
RMSProp,199,0.009949965967279392,1.0
RMSProp,200,0.009782179001634339,1.0
RMSProp,201,0.009617276208489239,1.0
RMSProp,202,0.009455206142460225,1.0
RMSProp,203,0.009295918340601948,1.0
RMSProp,204,0.009139363301358639,1.0
RMSProp,205,0.008985492464047168,1.0
RMSProp,206,0.008834258188857734,1.0
RMSProp,207,0.008685613737354938,1.0
RMSProp,208,0.008539513253463256,1.0
RMSProp,209,0.008395911744924876,1.0
RMSProp,210,0.008254765065212645,1.0
RMSProp,211,0.008116029895887047,1.0
RMSProp,212,0.007979663729382134,1.0
RMSProp,213,0.007845624852208632,1.0
RMSProp,214,0.007713872328563765,1.0
RMSProp,215,0.0075843659843289005,1.0
RMSProp,216,0.007457066391460901,1.0
RMSProp,217,0.007331934852727568,1.0
RMSProp,218,0.0072089333868657155,1.0
RMSProp,219,0.007088024713942934,1.0
RMSProp,220,0.006969172241438264,1.0
RMSProp,221,0.006852340049860565,1.0
RMSProp,222,0.006737492882009671,1.0
RMSProp,223,0.006624596134504953,1.0
RMSProp,224,0.006513615938202918,1.0
RMSProp,225,0.006404519849231246,1.0
RMSProp,226,0.006297284020361212,1.0
RMSProp,227,0.006191961159259194,1.0
RMSProp,228,0.006089426143782517,1.0
RMSProp,229,0.005995781859407048,1.0
RMSProp,230,0.005923855225169442,1.0
RMSProp,231,0.005812643841900686,1.0
RMSProp,232,0.005703613018587937,1.0
RMSProp,233,0.005605960842386247,1.0
RMSProp,234,0.005513134559754797,1.0
RMSProp,235,0.005422630693003198,1.0
RMSProp,236,0.005333795420690574,1.0
RMSProp,237,0.005246434090953181,1.0
RMSProp,238,0.00516047149715824,1.0
RMSProp,239,0.0050758664523848,1.0
RMSProp,240,0.004992589694441105,1.0
RMSProp,241,0.004910616671870798,1.0
RMSProp,242,0.0048299253858765006,1.0
RMSProp,243,0.004750495399004621,1.0
RMSProp,244,0.004672307676447053,1.0
RMSProp,245,0.004595344482507296,1.0
RMSProp,246,0.004519589919335088,1.0
RMSProp,247,0.004445030766516663,1.0
RMSProp,248,0.004371659514189429,1.0
RMSProp,249,0.004299480325143707,1.0
Adam,0,0.9416519630395858,0.25
Adam,1,0.8670790763997589,0.25
Adam,2,0.8063714609412336,0.25
Adam,3,0.7614739415936204,0.5
Adam,4,0.730726672380039,0.5
Adam,5,0.7108312619123627,0.5
Adam,6,0.6984306420421262,0.5
Adam,7,0.6907817632249651,0.5
Adam,8,0.6859209066151392,0.75
Adam,9,0.6825388659252645,0.5
Adam,10,0.6797597932196611,0.5
Adam,11,0.6769468974658446,0.5
Adam,12,0.6736053865606946,0.5
Adam,13,0.6693820899963348,0.5
Adam,14,0.6640711811464901,0.75
Adam,15,0.6576054610927456,0.75
Adam,16,0.6500435107170666,0.75
Adam,17,0.6415485622206833,1.0
Adam,18,0.6323579067875743,1.0
Adam,19,0.6227460902910577,1.0
Adam,20,0.612974272798718,1.0
Adam,21,0.6032042345895193,1.0
Adam,22,0.5934013170471127,1.0
Adam,23,0.5833255476790872,1.0
Adam,24,0.5726389846364662,1.0
Adam,25,0.5610316243096922,1.0
Adam,26,0.5483155804570128,1.0
Adam,27,0.5344907925919562,1.0
Adam,28,0.5197597760541378,1.0
Adam,29,0.5044546314902331,1.0
Adam,30,0.4888781022747216,1.0
Adam,31,0.47314602637239855,1.0
Adam,32,0.45718160617079157,1.0
Adam,33,0.4409087002404065,1.0
Adam,34,0.42444113396586275,1.0
Adam,35,0.4080245439230618,1.0
Adam,36,0.39177621044260863,1.0
Adam,37,0.3755429792884488,1.0
Adam,38,0.35907472137972957,1.0
Adam,39,0.3422759189908323,1.0
Adam,40,0.3252824797865724,1.0
Adam,41,0.30837998640445047,1.0
Adam,42,0.2918539881425715,1.0
Adam,43,0.27585340307462586,1.0
Adam,44,0.2603404464739757,1.0
Adam,45,0.2451652746156763,1.0
Adam,46,0.23022042892138384,1.0
Adam,47,0.21555930448733177,1.0
Adam,48,0.20139017154516936,1.0
Adam,49,0.18795026764084716,1.0
Adam,50,0.175351978044273,1.0
Adam,51,0.16353254124559055,1.0
Adam,52,0.15235537810950966,1.0
Adam,53,0.1417477557460494,1.0
Adam,54,0.13174108519576488,1.0
Adam,55,0.12241632697674525,1.0
Adam,56,0.11383262462843435,1.0
Adam,57,0.1059910891874089,1.0
Adam,58,0.09884040288570668,1.0
Adam,59,0.09230551568214325,1.0
Adam,60,0.08631606474639233,1.0
Adam,61,0.08082031732180246,1.0
Adam,62,0.07578381168642462,1.0
Adam,63,0.07118034583035819,1.0
Adam,64,0.0669834938195761,1.0
Adam,65,0.06316266376455479,1.0
Adam,66,0.059683508721136334,1.0
Adam,67,0.056510557883115174,1.0
Adam,68,0.05361001777756231,1.0
Adam,69,0.05095162948033714,1.0
Adam,70,0.048509356283468044,1.0
Adam,71,0.04626117877481731,1.0
Adam,72,0.04418841884720432,1.0
Adam,73,0.04227494956079946,1.0
Adam,74,0.04050650939538922,1.0
Adam,75,0.03887020921446466,1.0
Adam,76,0.037354231676234445,1.0
Adam,77,0.03594767854355102,1.0
Adam,78,0.03464050996998546,1.0
Adam,79,0.03342352716105057,1.0
Adam,80,0.032288364413757334,1.0
Adam,81,0.03122747135594435,1.0
Adam,82,0.03023407791354265,1.0
Adam,83,0.029302142259822247,1.0
Adam,84,0.02842628615908457,1.0
Adam,85,0.027601723608324188,1.0
Adam,86,0.026824188451150116,1.0
Adam,87,0.02608986548589722,1.0
Adam,88,0.02539532810090394,1.0
Adam,89,0.024737484025908134,1.0
Adam,90,0.024113529599719387,1.0
Adam,91,0.023520912102778423,1.0
Adam,92,0.022957299185294586,1.0
Adam,93,0.022420554184988412,1.0
Adam,94,0.021908716100521277,1.0
Adam,95,0.02141998309420598,1.0
Adam,96,0.02095269857776142,1.0
Adam,97,0.02050533914010589,1.0
Adam,98,0.020076503774409338,1.0
Adam,99,0.019664904034191372,1.0
Adam,100,0.019269354886793835,1.0
Adam,101,0.018888766135792316,1.0
Adam,102,0.018522134354913088,1.0
Adam,103,0.01816853532009376,1.0
Adam,104,0.017827116949520213,1.0
Adam,105,0.01749709276965197,1.0
Adam,106,0.01717773592355072,1.0
Adam,107,0.01686837373041519,1.0
Adam,108,0.016568382795260617,1.0
Adam,109,0.016277184657367657,1.0
Adam,110,0.01599424195686238,1.0
Adam,111,0.015719055091315326,1.0
Adam,112,0.015451159328818485,1.0
Adam,113,0.015190122340499853,1.0
Adam,114,0.014935542113561686,1.0
Adam,115,0.01468704520522325,1.0
Adam,116,0.014444285297954954,1.0
Adam,117,0.014206942016656286,1.0
Adam,118,0.013974719968591995,1.0
Adam,119,0.013747347966703771,1.0
Adam,120,0.01352457839623263,1.0
Adam,121,0.01330618668344642,1.0
Adam,122,0.01309197082381759,1.0
Adam,123,0.012881750925550686,1.0
Adam,124,0.012675368723294016,1.0
Adam,125,0.012472687016658865,1.0
Adam,126,0.012273588989256515,1.0
Adam,127,0.012077977366750633,1.0
Adam,128,0.01188577337715807,1.0
Adam,129,0.011696915483401092,1.0
Adam,130,0.011511357866773531,1.0
Adam,131,0.011329068650245286,1.0
Adam,132,0.01115002786197386,1.0
Adam,133,0.01097422515167645,1.0
Adam,134,0.01080165728541849,1.0
Adam,135,0.010632325457986144,1.0
Adam,136,0.010466232476651495,1.0
Adam,137,0.010303379886244161,1.0
Adam,138,0.010143765123220953,1.0
Adam,139,0.009987378805383501,1.0
Adam,140,0.009834202282385244,1.0
Adam,141,0.009684205587109593,1.0
Adam,142,0.009537345934950455,1.0
Adam,143,0.009393566911823867,1.0
Adam,144,0.009252798467703069,1.0
Adam,145,0.009114957787846595,1.0
Adam,146,0.008979951049436332,1.0
Adam,147,0.008847675992160537,1.0
Adam,148,0.008718025146818848,1.0
Adam,149,0.008590889488776895,1.0
Adam,150,0.008466162226251876,1.0
Adam,151,0.008343742407986488,1.0
Adam,152,0.008223538047099467,1.0
Adam,153,0.00810546850759441,1.0
Adam,154,0.00798946598038511,1.0
Adam,155,0.007875475974797347,1.0
Adam,156,0.007763456854633293,1.0
Adam,157,0.00765337854058948,1.0
Adam,158,0.007545220571473298,1.0
Adam,159,0.007438969758245154,1.0
Adam,160,0.00733461767559574,1.0
Adam,161,0.007232158218446579,1.0
Adam,162,0.0071315854117884065,1.0
Adam,163,0.007032891609846067,1.0
Adam,164,0.006936066163104382,1.0
Adam,165,0.006841094576651833,1.0
Adam,166,0.006747958136140856,1.0
Adam,167,0.0066566339418297985,1.0
Adam,168,0.006567095267970912,1.0
Adam,169,0.006479312153854236,1.0
Adam,170,0.006393252132475279,1.0
Adam,171,0.006308881010749574,1.0
Adam,172,0.0062261636288510145,1.0
Adam,173,0.006145064543104347,1.0
Adam,174,0.006065548594741216,1.0
Adam,175,0.005987581343985851,1.0
Adam,176,0.0059111293641142485,1.0
Adam,177,0.005836160402543619,1.0
Adam,178,0.005762643425250137,1.0
Adam,179,0.005690548566851326,1.0
Adam,180,0.005619847011698179,1.0
Adam,181,0.005550510831716771,1.0
Adam,182,0.0054825128049903775,1.0
Adam,183,0.005415826235759511,1.0
Adam,184,0.005350424792198704,1.0
Adam,185,0.005286282373536808,1.0
Adam,186,0.005223373013293315,1.0
Adam,187,0.005161670820999787,1.0
Adam,188,0.005101149961026762,1.0
Adam,189,0.00504178466424,1.0
Adam,190,0.004983549266228429,1.0
Adam,191,0.004926418264769363,1.0
Adam,192,0.0048703663889424756,1.0
Adam,193,0.004815368672724492,1.0
Adam,194,0.004761400526831532,1.0
Adam,195,0.004708437803835517,1.0
Adam,196,0.004656456853004447,1.0
Adam,197,0.004605434562739094,1.0
Adam,198,0.004555348389794724,1.0
Adam,199,0.004506176375586585,1.0
Adam,200,0.0044578971507467,1.0
Adam,201,0.00441048992969152,1.0
Adam,202,0.004363934497302511,1.0
Adam,203,0.004318211189925558,1.0
Adam,204,0.00427330087281579,1.0
Adam,205,0.00422918491593073,1.0
Adam,206,0.004185845169659516,1.0
Adam,207,0.004143263941714634,1.0
Adam,208,0.004101423976041491,1.0
Adam,209,0.00406030843425164,1.0
Adam,210,0.004019900879782811,1.0
Adam,211,0.003980185264736324,1.0
Adam,212,0.003941145919161585,1.0
Adam,213,0.003902767542426305,1.0
Adam,214,0.003865035196248667,1.0
Adam,215,0.0038279342989437906,1.0
Adam,216,0.0037914506204553655,1.0
Adam,217,0.0037555702777909176,1.0
Adam,218,0.00372027973054161,1.0
Adam,219,0.0036855657762381302,1.0
Adam,220,0.0036514155453714683,1.0
Adam,221,0.0036178164959738014,1.0
Adam,222,0.003584756407716688,1.0
Adam,223,0.003552223375534416,1.0
Adam,224,0.0035202058028179235,1.0
Adam,225,0.003488692394251664,1.0
Adam,226,0.0034576721483802505,1.0
Adam,227,0.0034271343500002615,1.0
Adam,228,0.0033970685624676966,1.0
Adam,229,0.0033674646200071013,1.0
Adam,230,0.003338312620095287,1.0
Adam,231,0.0033096029159802153,1.0
Adam,232,0.0032813261093798713,1.0
Adam,233,0.003253473043394227,1.0
Adam,234,0.003226034795647768,1.0
Adam,235,0.0031990026716719605,1.0
Adam,236,0.00317236819852573,1.0
Adam,237,0.0031461231186461595,1.0
Adam,238,0.003120259383917894,1.0
Adam,239,0.003094769149944986,1.0
Adam,240,0.003069644770508486,1.0
Adam,241,0.003044878792194845,1.0
Adam,242,0.0030204639491779968,1.0
Adam,243,0.002996393158142567,1.0
Adam,244,0.002972659513336178,1.0
Adam,245,0.0029492562817428993,1.0
Adam,246,0.002926176898367716,1.0
Adam,247,0.0029034149616315617,1.0
Adam,248,0.0028809642288695394,1.0
Adam,249,0.0028588186119330042,1.0
